continent,gdp_range
Africa,21710.0458835
Americas,41750.015935999996
Asia,113192.1329
Europe,48383.6569752
Oceania,24395.771800000002
